Fichier;Categorie;Titre;Annee;Description
ben et josianne.webp;mariages;Ben Et Josianne;2010;alala ils sont mignons
cheveux au vent.jpg;mariages;Cheveux Au Vent;2020;pas mal la coupe
mariage marie josé.jpg;mariages;Mariage Marie Jose;2010;ct cool
sortie d'église.jpg;mariages;Sortie D Église;2003;les cathoss
lac des alpes.jpeg;nature-paysages;Lac Des Alpes;2000;petit reflet simpatoch
pommier du japon.jpg;nature-paysages;Pommier Du Japon;2025;un pommier sans pommes
mouratz.jpg;portrait-reportages;Mouratz;2024;le gros bg la
les fils du renard.jpg;creatif;Les Fils Du Renard;2022;jsp d’où vient le renard mais il est la
quand la peinture s'éloigne.jpg;creatif;Quand La Peinture S Éloigne;2021;c pas de la photo mais c pas grv
tout au bord de l'eau.jpg;creatif;Tout Au Bord De L Eau;2023;de l'eau sans eau
